Text ID,
3550526,
3640989,
3640826,
3621328,
3810200,
3810625,
3641155,
3640164,
3622363,
3811102,
273,
3641192,
3641008,
3810189,
3622312,
3622210,
3621203,
530,
54,
3810039,
3640150,
3550903,
81,
3810966,
3641128,
3640926,
3550101,
3810874,
3811256,
3622362,
190,
3550370,
3550406,
3640331,
3811358,
3810423,
3641227,
3810466,
3620171,
3810707,
3810067,
3622032,
3810680,
478,
3641118,
3621619,
3620426,
3621014,
3550120,
3641254,
3810255,
3620186,
3640229,
3640396,
3622391,
3641170,
3620409,
3621151,
558,
3550581,
3621292,
3640409,
3811240,
3810433,
3810006,
3550637,
3622256,
294,
3640357,
3810861,
3810791,
3550207,
3640654,
3811253,
3640305,
3641216,
3811051,
3810124,
189,
3621835,
3810269,
3810194,
3810358,
3640378,
3550241,
3550360,
3641247,
3620633,
3640336,
3622367,
3810408,
3620372,
3640790,
413,
428,
82,
3640124,
3100024,
3810602,
3550334,
3620530,
3622142,
3550307,
3811456,
3621201,
3622209,
3550038,
3550134,
3811032,
3640404,
3640747,
3620004,
108,
3620125,
3550321,
3550428,
3810871,
3810811,
119,
3640095,
3810018,
3620542,
526,
3550065,
3641130,
3640173,
694,
3810955,
3810753,
3810257,
3620185,
3810050,
3810580,
3550461,
3810210,
3810547,
3640829,
475,
3811017,
3621306,
3640193,
3621200,
3810683,
3550601,
102,
3550034,
3622246,
3621065,
86,
3550190,
3550392,
3811289,
3640167,
3641069,
3640345,
3620250,
3550806,
3810360,
3100002,
3641339,
3640384,
3700024,
3550086,
3100073,
3810947,
298,
3640701,
3811062,
181,
3550408,
3640428,
3550154,
3641349,
3810469,
3100052,
3641339,
3550478,
3621757,
3100075,
3100047,
3622444,
3641006,
3640923,
3620625,
3550288,
3811298,
3641245,
3641031,
11,
3640513,
3622303,
3640368,
3810506,
3620987,
3622187,
3620904,
3810161,
3811396,
3550034,
3640325,
172,
3640464,
3620712,
3640233,
3640647,
3811226,
3810311,
3620172,
3550535,
3640402,
3641090,
3641209,
3640297,
355,
3640481,
3641193,
3550305,
3810196,
3100010,
3811151,
3100099,
3622467,
3622383,
3810029,
3550687,
3811378,
3621387,
3810449,
3640927,
3620257,
3550405,
3810516,
3621391,
3810382,
3810673,
3700020,
3550729,
3620163,
3622465,
3550175,
161,
11,
3640154,
3622226,
3811167,
435,
3810977,
3550824,
3640593,
3100074,
3640837,
3622244,
52,
3810921,
3640655,
3550438,
3640356,
3810047,
3810018,
3700022,
3550311,
3640848,
3811119,
3810472,
3550014,
205,
3550758,
3810405,
703,
3621385,
3621030,
3810854,
285,
3622371,
3810649,
3811167,
3641228,
3550697,
3811389,
3640850,
3622325,
3550180,
3810762,
3810637,
3621638,
3640665,
3622326,
3810328,
3640143,
3640725,
3550611,
3811367,
3811077,
3810453,
3621588,
3550212,
3622429,
496,
3811105,
3621515,
3641206,
3640495,
3621538,
3621025,
3810267,
3810725,
3810928,
302,
3810014,
488,
632,
3550007,
3640435,
3550048,
319,
3810286,
3810835,
3810448,
3810809,
139,
3810299,
37,
3550437,
3641356,
3640785,
3810212,
373,
3550567,
3811010,
189,
3810726,
3810489,
430,
3641158,
3810047,
3641352,
3810055,
3621857,
3641161,
3810675,
3810896,
3810285,
3550409,
3810406,
3641095,
3641129,
3100105,
3100026,
3550449,
3622417,
457,
3641140,
3810409,
3620193,
3811278,
3810029,
3640304,
3640160,
3621809,
3810642,
3620250,
76,
3811409,
3810537,
3640928,
3620161,
218,
3811193,
3550133,
3100060,
3810872,
3811239,
3811283,
3550458,
3640135,
3641137,
3810763,
3640368,
3640803,
3810541,
3620982,
3640963,
3550599,
692,
3811420,
3811364,
3640378,
3640383,
3641413,
3810844,
3550449,
3810640,
3811311,
3640152,
3550790,
3622077,
3810505,
3810610,
3640272,
245,
3810086,
230,
280,
3622193,
3622330,
3640972,
3640255,
3622258,
3641212,
3810422,
3810157,
3810631,
3620232,
3810497,
3811373,
3620143,
3550506,
724,
243,
3620003,
316,
3550827,
3810890,
3810237,
3810048,
3810504,
15,
3641214,
3640829,
735,
3810434,
3810465,
3810328,
3640744,
3550320,
3640494,
3810489,
3810556,
3810550,
3810021,
3622321,
3641125,
3810919,
3811402,
3622251,
3622350,
3550364,
3550814,
3640440,
3810236,
3700018,
3622250,
338,
3641237,
3810886,
3550729,
3811372,
3640232,
3620111,
3810942,
3621110,
4070182,
3620113,
3810331,
3550840,
3641022,
156,
3640749,
3810741,
723,
3811330,
3810399,
744,
3640481,
3622312,
117,
3810358,
3811429,
3621337,
3640250,
3550351,
609,
3640287,
3622394,
3620048,
3810882,
3810503,
3640361,
3100101,
3810149,
3810803,
3810365,
3810388,
3641256,
3811007,
3810097,
3811027,
3810883,
406,
4070181,
3810174,
3640094,
3550553,
3811295,
3641263,
535,
3550727,
3550611,
3620371,
3811416,
3640891,
3550497,
3640326,
3641209,
3622429,
3621227,
316,
3811282,
3811205,
3810402,
3640159,
3550343,
3100051,
3810461,
3550727,
3550478,
3550114,
3810217,
143,
3640415,
3100037,
3620397,
3622077,
3811364,
3641221,
3811044,
3621503,
75,
3550310,
3810548,
3641002,
3550901,
3640926,
3550117,
3620861,
3640094,
447,
3810777,
76,
3811008,
3811329,
3100060,
3621227,
437,
3811311,
3810955,
488,
3550407,
26,
3620711,
3811412,
3100047,
3621468,
3550811,
3640387,
4070064,
622,
683,
3810826,
3620987,
3100071,
3100046,
3641140,
3550672,
3100004,
3810912,
3100060,
3621134,
3640922,
3620302,
3620539,
360,
3550903,
452,
3641034,
3810169,
3810682,
3621638,
3810133,
3810597,
3550102,
3811440,
3622129,
3810478,
3810309,
3810237,
3640776,
3810480,
3550455,
3811409,
3640090,
3620658,
3810835,
3810284,
135,
3810470,
3810703,
3550525,
3622213,
3810593,
3640922,
3622462,
3810686,
3640967,
3810592,
3621323,
69,
3641194,
3640372,
3622094,
3620397,
3550379,
3550490,
3550777,
3640143,
4070149,
76,
3622210,
3550097,
3550643,
3810940,
3622262,
437,
3550011,
3810299,
3811279,
3640671,
4060068,
3810950,
3621445,
3620251,
3810376,
3700020,
3811021,
3641208,
3640393,
3641225,
3640463,
3810432,
3100017,
3640310,
3641031,
3641043,
3810047,
3810563,
3621381,
3811328,
3641368,
3622007,
364,
3621385,
3640947,
3622452,
3620269,
3811433,
3810019,
3640463,
350,
3621234,
3622351,
3811328,
3641069,
3810260,
3640848,
3550316,
3810935,
3620179,
3641116,
3810471,
226,
3550611,
3810830,
3640212,
523,
3621383,
261,
3640444,
3550311,
3622385,
3620273,
3622371,
3810549,
3100093,
3550056,
3641094,
4060028,
3550714,
100,
3810025,
3550811,
3810093,
3621479,
3810954,
3810872,
3641165,
3620143,
3550280,
3622389,
3550168,
15,
3810580,
3811282,
3810020,
4070174,
3100052,
3810001,
3100049,
473,
3550303,
511,
3620711,
447,
3641329,
3622361,
3640934,
3810170,
3641057,
3620111,
3641262,
3621310,
3640297,
3810644,
3550539,
3550239,
3640367,
3640374,
4060044,
3621432,
3640204,
3641071,
3810028,
3640561,
3550012,
19,
3640660,
3641231,
3550012,
3550710,
3810245,
3620059,
3810403,
3810052,
3640517,
3640241,
3550188,
3810817,
3640280,
3621438,
541,
121,
3810382,
3811216,
3622399,
3550369,
3620178,
3640075,
3550432,
3550428,
3810690,
3550850,
3622390,
3622349,
3550040,
3622035,
3640529,
3100005,
3620665,
3550395,
3641143,
4070091,
3641184,
3810581,
3811378,
3810586,
3810092,
3810626,
3640523,
3550317,
3622248,
584,
3640964,
3550245,
3810137,
3641330,
3550426,
3641311,
3622419,
3622021,
3641067,
367,
3810414,
3810892,
3641347,
3550338,
3620042,
3621764,
3811009,
3810031,
3622384,
3620981,
4060069,
3100074,
3811118,
3810508,
4060070,
3620048,
3640971,
4070079,
3640776,
3620945,
232,
3810539,
170,
3640607,
3810234,
708,
3620744,
3640349,
3641050,
3550567,
3640142,
3550430,
3810044,
3811130,
3811283,
3640824,
3640238,
3641362,
3810627,
3810251,
3810071,
4070147,
3640334,
3640153,
3622211,
3810466,
3621160,
3641184,
3100022,
4060024,
4060011,
3640704,
3621034,
577,
3640732,
3550202,
458,
246,
4060056,
3550141,
3810733,
3640151,
3640874,
33,
3810081,
3810114,
3811021,
3810188,
3640119,
3550790,
3550243,
3550195,
3811064,
3810612,
3622424,
3620223,
3810093,
3550401,
3810608,
3622351,
541,
3100053,
3622253,
212,
471,
4060048,
3811389,
3100050,
3622419,
3641050,
3811234,
3810416,
3641347,
3810101,
3641057,
3550395,
3811237,
3810728,
3810925,
3640393,
3550407,
3640685,
3810100,
3641148,
3550684,
3100109,
3641044,
3811253,
3810915,
4070138,
3640781,
3622239,
3620854,
3622297,
3641119,
3550522,
3810571,
3620319,
486,
3810110,
3640935,
3621588,
148,
4060069,
3810686,
3640976,
3550797,
3810928,
3810207,
3620956,
3550675,
3622464,
3622212,
4070072,
3640331,
3810359,
3810568,
683,
3550164,
308,
3621101,
3810124,
3810079,
3550868,
3640960,
3810607,
3810681,
3810333,
3811347,
3810928,
3621406,
3810821,
3100004,
3622443,
3550099,
3810032,
3550597,
1970021,
3621208,
3550179,
3620979,
3550644,
3810071,
3550260,
3811420,
3641131,
3810032,
3640874,
3640506,
3621831,
3550309,
3622190,
3640271,
3810081,
3550168,
3810742,
3550786,
3810489,
3641102,
4070125,
3810253,
3811433,
3620269,
3810622,
4060077,
3811256,
3640463,
3100069,
3641088,
3640750,
3810425,
3810454,
715,
3622028,
492,
3810055,
3640495,
3620266,
3622207,
3641188,
3810246,
3810145,
3810561,
3640290,
3640655,
3621118,
3811211,
3550396,
67,
97,
3640833,
3550580,
3700005,
3641248,
3811296,
212,
3810161,
3550471,
3621062,
3810413,
3621831,
3641235,
3700004,
3640874,
260,
3640622,
3622417,
3640152,
3620153,
3811000,
3810395,
149,
559,
3810651,
3622309,
3550848,
3621406,
3640506,
485,
3622332,
568,
3640337,
3622433,
3810053,
3810152,
3810861,
3550437,
4070082,
3640310,
3641044,
3550502,
3621328,
3640669,
3810560,
3810093,
3620598,
3620200,
3620265,
3640281,
3620691,
3810903,
3640931,
3810755,
3622412,
531,
3620425,
3640365,
3641413,
3811396,
3810416,
3550928,
344,
3811051,
716,
3550746,
3621510,
3550407,
3810171,
3620209,
3810353,
139,
3622081,
3640662,
3810608,
3550103,
3622271,
3641415,
3621381,
3550603,
3550917,
3100001,
3640116,
3810414,
494,
649,
639,
3550394,
3810645,
3620559,
3810133,
3810100,
3811459,
3550876,
3641101,
3640675,
3622032,
3640702,
218,
3550463,
3550328,
3620508,
160,
3810682,
3620994,
3550024,
3641333,
4060021,
3550268,
3641208,
3811083,
3640093,
3810355,
462,
3810572,
3811096,
3810244,
3620397,
3550550,
4070138,
3810709,
3810189,
3550796,
3550268,
171,
3810450,
3810963,
3810781,
3550255,
3810214,
3621757,
3550328,
3811270,
3810566,
3620127,
691,
3811341,
3641209,
3640369,
194,
367,
172,
3550523,
3640878,
3811298,
3100076,
3550109,
3550364,
3621224,
3622091,
3811175,
3641042,
3550852,
3550018,
3820000,
3622443,
3700003,
3641028,
3550060,
3810256,
521,
3622206,
634,
4060094,
3640155,
3641154,
3810131,
4060065,
338,
3621328,
3640185,
3810167,
3810660,
651,
3100047,
3640142,
3700015,
218,
75,
3810198,
3620982,
3620624,
3810410,
3811286,
3622454,
3641343,
3550835,
3550132,
3640175,
3640455,
3640702,
3550140,
3640391,
3641206,
3811176,
3810440,
3550716,
3810301,
7,
3811129,
3550680,
3810339,
3621246,
3811015,
4060010,
3810354,
3622253,
3640516,
3640534,
3550287,
3550339,
772,
3640346,
3550420,
4060106,
3621310,
3640337,
3620600,
616,
3550077,
3550028,
3550346,
3810529,
3620406,
3620957,
3810975,
187,
3100080,
3621025,
4070081,
3622348,
3550626,
3622228,
3641236,
4070181,
3621540,
3550352,
3810732,
307,
3550328,
3550944,
3640145,
3620456,
4060241,
3622081,
3810894,
3640869,
4070180,
4070121,
3810605,
3621165,
3621330,
290,
511,
3620948,
3550242,
3550045,
3640815,
3640486,
3810428,
3550698,
4060122,
361,
3621368,
3550028,
3810134,
3810313,
16,
3641316,
3810527,
3810542,
390,
3620632,
3550113,
3641029,
3620279,
3811416,
3622229,
3640485,
4060145,
3640523,
3810413,
3810321,
3550672,
318,
505,
3810646,
231,
3810978,
3810798,
3810607,
3641073,
3621940,
3550794,
3810960,
3641357,
3621135,
4060183,
3622466,
3622313,
3100084,
3810008,
3620265,
3622460,
3641192,
3641019,
3810507,
3550583,
128,
3810401,
205,
3640089,
3810105,
3811418,
3550122,
3641033,
3640217,
3640185,
338,
4070007,
3640345,
4060133,
3641423,
3811281,
4060290,
3550435,
3810430,
3550611,
436,
3810895,
29,
414,
3550610,
3700005,
3550040,
3810112,
3640175,
3810450,
3641047,
3620128,
3100066,
4180010,
4060063,
3620122,
4060216,
3622300,
3811250,
3550525,
3641064,
3641233,
3811440,
3620056,
4180107,
3641205,
4060253,
93,
4060029,
3622185,
3810438,
3550876,
3640121,
3622401,
3622323,
3100034,
3810837,
3622028,
3810108,
3641329,
4060148,
3621408,
3640186,
4180039,
3621215,
3811432,
4180068,
3620602,
3640721,
3620673,
3640763,
3810322,
3810379,
3810056,
4180078,
3811076,
4180016,
3810376,
3550191,
3640867,
3700003,
3640440,
3620960,
3810209,
3550309,
3810993,
3640277,
3550343,
4060145,
689,
3811228,
3622364,
15,
3550176,
3621136,
3550644,
1820010,
3621132,
3622320,
3640704,
3811073,
4060142,
49,
3810105,
3640970,
116,
228,
4180197,
3640833,
3550513,
3640336,
4070225,
3620284,
3640396,
3640233,
3620161,
4070216,
3550145,
3550286,
3641004,
3640996,
3811456,
3621108,
3640499,
4180036,
3620954,
3810831,
3620525,
4180292,
3810246,
3620457,
3640273,
3550183,
3620457,
3810086,
3550384,
2860001,
367,
3810467,
3810851,
3811408,
3622145,
4070244,
3811410,
3621522,
3622427,
3641309,
3640447,
3640134,
3621873,
3100077,
3621222,
4070189,
3622252,
3810529,
3640230,
3810416,
3811311,
4060039,
4070076,
3810569,
3811455,
3622254,
3622253,
3640854,
3810436,
430,
3640782,
3810792,
3621479,
3641045,
3810879,
3550387,
4180021,
4180242,
3811388,
3550789,
3622182,
4180342,
3550078,
3640774,
3810770,
3640790,
3550752,
3550086,
3811049,
17,
3550012,
3550392,
3100054,
4180406,
3810974,
3811045,
3100012,
3620409,
3550157,
4180305,
3622237,
4180436,
3640969,
3622265,
4180105,
243,
3640871,
3810667,
3550060,
3622310,
3621441,
666,
3622388,
3620269,
3620558,
4180325,
3550268,
3640665,
3810606,
3550617,
3811390,
4180158,
541,
4180374,
4180007,
3621672,
3810093,
4180016,
662,
3100074,
3811359,
3620376,
3811251,
3810959,
3621006,
3550778,
3550358,
3640623,
3810836,
3640734,
3550811,
3621068,
3810075,
313,
3640992,
229,
3640360,
4070236,
3100034,
4180056,
3640293,
261,
4180349,
2860001,
324,
3622309,
3810362,
434,
3810712,
94,
3640596,
3640513,
3621259,
3640333,
3640144,
3641064,
64,
3622225,
3100027,
3810673,
148,
3810157,
3640380,
3641029,
3640848,
22,
3620558,
3621068,
3811106,
3810667,
4180257,
3621215,
3550387,
4180232,
3641330,
3811020,
3640177,
4070223,
76,
3811360,
3640254,
3550334,
3811072,
3640971,
3810927,
3810606,
4070221,
3640960,
4180118,
3640248,
3620171,
3810371,
4180251,
3810763,
3810842,
4060228,
4070259,
266,
3810994,
4060258,
3810153,
4060233,
210,
3810044,
3550133,
3811002,
3620127,
3622345,
3810056,
4180094,
3550306,
3641089,
3620883,
4060037,
3100099,
3620688,
3640255,
3640264,
4180010,
3641053,
3641251,
3620041,
3810953,
3622196,
3640134,
3622308,
4060145,
3811056,
3622244,
3641145,
3810387,
3640096,
3810741,
3810522,
3622408,
3100070,
765,
535,
3620273,
3621050,
313,
3811250,
4060218,
156,
3811011,
3640915,
3621330,
3810102,
3810857,
3640185,
377,
3811049,
3641038,
3810697,
3622225,
3100058,
3621234,
3810180,
3622448,
4180067,
209,
3640270,
3622258,
3810907,
415,
3621195,
3810310,
3550225,
3640336,
3810023,
4180214,
3640423,
350,
2,
3810769,
3550459,
3620746,
3621146,
3621193,
3620456,
3810163,
3811400,
3550708,
3622352,
3622170,
4180137,
3550174,
3810454,
3,
3810015,
716,
39,
3811050,
4180018,
73,
4180391,
3640734,
3811369,
4180006,
3641345,
689,
3810471,
3810380,
3550541,
4180249,
64,
3640135,
3621159,
3640153,
3621405,
3810276,
3550001,
3810037,
3810992,
417,
3622248,
3621166,
3550752,
3811228,
4060213,
3550586,
3810498,
3550393,
3621445,
3641004,
437,
3640596,
3810141,
4180018,
3810763,
3550023,
403,
3640871,
3810495,
4070276,
3810866,
3810112,
262,
298,
3641414,
3810601,
3640341,
4180074,
3621991,
3810116,
3640396,
4180247,
3622412,
3640833,
3622370,
3550481,
3641073,
45,
3640142,
3810868,
3622272,
3640799,
605,
3640993,
765,
4180299,
3810340,
3621312,
3641054,
241,
58,
4180054,
3622267,
3641337,
3810522,
3810001,
3640826,
3810103,
3640177,
4180118,
4180061,
3811095,
3641056,
3811241,
3620095,
3622184,
3622390,
3811241,
3550316,
4180136,
3810814,
3811244,
167,
4180271,
3620331,
3622358,
3640966,
3100030,
3622094,
3810699,
4070262,
565,
41,
3641039,
3810404,
3622466,
4060133,
3550417,
3620307,
4070295,
3622028,
4180067,
153,
344,
3810477,
478,
241,
4060012,
3810216,
390,
3550419,
3550376,
3641341,
126,
3100023,
3810322,
3640176,
3820000,
3640276,
3550366,
3620866,
3620300,
3550637,
3622464,
3640564,
525,
3641067,
3550161,
4180163,
3550118,
231,
3550917,
4070075,
3550338,
3550687,
3640660,
3641217,
3620229,
3622424,
4180336,
3640837,
3811072,
3640525,
4180182,
261,
3810854,
3550366,
3622324,
3622264,
4180097,
3620714,
193,
3621503,
3620048,
3810071,
3550376,
3641183,
3641177,
3641177,
3550701,
3550283,
4060177,
751,
3622258,
3621438,
3640281,
3640200,
3622304,
3620096,
3622335,
3810132,
3550525,
3810539,
4180240,
4060007,
3811413,
3640601,
3640874,
3550160,
3622365,
4060039,
515,
3550744,
3550100,
3641069,
3621376,
4180239,
3622214,
3810824,
3811104,
3811176,
3810700,
3810678,
3810530,
3550780,
3810485,
3100033,
3640915,
3811191,
3640308,
3550621,
3640443,
3100067,
3640629,
3811230,
697,
3622429,
72,
4180324,
4180268,
4070266,
3620960,
3621809,
4060190,
3810976,
3100105,
4180412,
3810430,
3641058,
3641349,
3810075,
3622236,
3622292,
3700006,
4070251,
672,
4180433,
3810701,
3641033,
3550783,
3810480,
3640168,
3622357,
187,
3622440,
3550272,
3640240,
3622168,
3550472,
4070179,
3641131,
4180216,
3641235,
3810389,
3640286,
3811003,
3811352,
3550849,
3622409,
4180184,
3622465,
3810511,
3640750,
4180255,
3550414,
3550360,
3641219,
3811000,
702,
3640209,
4180300,
3810547,
3550758,
3621443,
3550486,
4180291,
3810817,
3100018,
3810839,
3550014,
3622429,
3811446,
3810491,
3550006,
3622287,
3621152,
3621831,
770,
535,
3620009,
3641070,
3810903,
3811119,
338,
623,
3550302,
3622444,
3811037,
3622463,
3100027,
3640511,
3640995,
3622450,
4180400,
4060150,
3641339,
97,
4180325,
3620146,
4180492,
3810854,
4060267,
3550279,
3640456,
3700024,
3810217,
3620056,
3621215,
3621849,
3810745,
3811430,
3810885,
3620945,
3550549,
3550698,
4060125,
288,
3811282,
313,
4060215,
4180143,
241,
3620371,
3810272,
3550480,
4070157,
3622369,
3550380,
702,
3620251,
3640147,
3550100,
3100042,
3100090,
3640916,
3550249,
3550291,
3550042,
3621408,
3550922,
3810354,
4180319,
3641196,
3640170,
3550431,
3550170,
3621211,
3550764,
3622280,
3622383,
3640090,
3622279,
3622472,
163,
3811073,
3810196,
4070096,
3640729,
3640246,
4060039,
3640704,
346,
3550599,
3641266,
3550862,
4060043,
3811299,
3100035,
4180395,
3620331,
3810564,
4060154,
3621935,
3811329,
3810810,
3810508,
3550738,
3811459,
3550523,
4180247,
3620597,
3810739,
3641205,
3810018,
78,
3620631,
4060194,
3640395,
3620399,
170,
4180221,
3622232,
3550549,
3810784,
3810153,
3550788,
3620626,
3811299,
3550208,
3620336,
3620242,
3641370,
3640248,
3641150,
3640660,
3810161,
459,
3811420,
3550088,
3640992,
3622448,
3641360,
4180187,
622,
3550436,
3641143,
447,
3640567,
3640746,
3810758,
422,
3810730,
228,
3811407,
3100004,
3810736,
4060107,
3621805,
3810095,
3622440,
3550170,
4070309,
3640260,
3810986,
3810769,
3640828,
3550253,
29,
3621109,
3640398,
3622213,
4180015,
3620461,
3620525,
115,
3641171,
4180537,
3810973,
3640933,
753,
3640681,
3640196,
3620012,
4180458,
402,
3810661,
3550077,
4070325,
3641182,
3550435,
3621146,
3640964,
3550873,
3622016,
209,
350,
3641420,
3810307,
4180158,
3810453,
3700020,
3641042,
3810276,
142,
3550052,
3810359,
4060191,
3810371,
4180481,
3810726,
3640868,
3550739,
1820000,
3810922,
3810749,
380,
455,
3641311,
3550026,
4060139,
3640091,
717,
3550297,
3810789,
3641093,
3100027,
3550657,
462,
3550430,
4060090,
3550170,
3550152,
3622430,
3811456,
83,
3810833,
4070149,
3641014,
3810928,
502,
3950035,
3810796,
3640264,
3811425,
3620319,
3810689,
3550429,
3620689,
4180444,
95,
3641226,
3620739,
26,
4180243,
3620073,
4180045,
3622455,
3810733,
4180218,
3810725,
3640746,
3810377,
4060122,
58,
155,
3811430,
71,
3810584,
3621445,
3811404,
167,
3622265,
3622413,
4060231,
3810959,
3811228,
4060131,
119,
3810703,
3810331,
505,
3810978,
3810417,
3810953,
3811177,
3550058,
3550786,
3100018,
4180539,
3622436,
4060246,
3640140,
3622338,
3641207,
3810677,
3550780,
3621836,
373,
3810650,
3810563,
3810561,
3640976,
3550875,
111,
3550397,
4060102,
3100108,
3810758,
3550046,
3550399,
3640313,
3100033,
3640228,
3810481,
601,
3550054,
4180348,
4060086,
3950041,
498,
3640315,
4180101,
3810045,
3640816,
4180359,
3641166,
3641150,
3550787,
473,
381,
3641047,
3550399,
3811289,
4180005,
3622324,
4060107,
4060269,
3640353,
3620320,
3811145,
3810995,
4060243,
4180526,
3620511,
3641127,
544,
3641167,
3550338,
148,
27,
3811097,
3810119,
3620887,
3811126,
3810655,
3622419,
4180500,
3550020,
3811428,
3550822,
3641125,
281,
3810401,
4180463,
4180106,
3620232,
3811094,
3700016,
3550000,
4180457,
3641014,
3640454,
3640333,
4180568,
3640593,
4180247,
3622347,
3550541,
3550864,
4180196,
3810033,
3621805,
3640423,
3810078,
3810331,
3641182,
3550358,
3810913,
3550097,
3550847,
3640951,
4180594,
3811022,
3641354,
3640408,
3810108,
3550592,
151,
4180358,
3810992,
3621680,
3550323,
3550379,
3811137,
3550451,
111,
3621201,
4060164,
3811148,
4060192,
3810482,
3622313,
568,
3621408,
4180382,
3622361,
500,
3550458,
3550355,
3811341,
3810532,
3640688,
3641187,
3550084,
4060064,
3810593,
3640874,
3950030,
3620423,
3621129,
3640734,
200,
4070257,
3640075,
1820010,
3550078,
3810379,
3641233,
3550840,
4180052,
3622363,
3810189,
4180289,
3620295,
4180033,
3810101,
3550206,
209,
3550552,
4180087,
3622453,
3810328,
3620163,
3550696,
3810913,
3100094,
4060154,
4180453,
3550281,
211,
3640972,
3622227,
3620940,
3811045,
146,
3810707,
12,
3622265,
3810824,
3640179,
3641317,
3622402,
3811224,
3551002,
3551216,
3640391,
3810340,
3641016,
3640088,
3550007,
3811409,
3811061,
4180062,
3550336,
4060266,
3641020,
3641343,
3550065,
3100042,
3621160,
3622425,
3620239,
3810944,
4070277,
3810955,
3641017,
3811177,
4070256,
4060006,
3811404,
3810512,
4180377,
3811437,
3810833,
164,
3811437,
3810805,
700,
3100046,
3550415,
3811387,
3622461,
3811408,
3100072,
3620184,
4060076,
3622302,
4060186,
4070245,
4060035,
3640566,
4070127,
4180288,
3100029,
3640173,
161,
4180572,
277,
3550134,
3550003,
3810609,
4060227,
4060022,
3620412,
3550084,
3810993,
105,
3550529,
3550380,
3550790,
3620658,
4070262,
3811384,
3640317,
294,
3620403,
3640263,
3640646,
4060060,
3810977,
3811344,
3640398,
3811400,
3811009,
3810840,
4060010,
4060240,
3810916,
3640120,
222,
4180116,
4180690,
3641000,
3950049,
599,
3622295,
3620920,
51,
3810476,
4070322,
230,
295,
3100047,
3640257,
3621651,
243,
3640748,
3550001,
3100109,
3550253,
3550600,
3810453,
3100065,
3640966,
3550254,
3640761,
3640393,
4070274,
3550778,
3811297,
3810548,
3810019,
4060075,
3810134,
4060190,
3640972,
3810547,
3620454,
3621129,
3640675,
3621259,
3620399,
3811388,
3810945,
3620269,
3811372,
749,
3810255,
3640959,
3550422,
3810942,
4060231,
4060212,
3811073,
3550249,
4180518,
3550078,
622,
4180644,
766,
3622430,
3640978,
3550617,
3621755,
3621336,
3622416,
3551642,
3811419,
3810242,
3640177,
3641013,
4060255,
3640500,
541,
3810598,
3622262,
3621708,
3640427,
3550206,
3550816,
3811433,
3621383,
4180408,
3550867,
3811225,
3550077,
3550343,
3550066,
3811438,
4180636,
3641095,
3620872,
4180395,
787,
4180759,
3550024,
3622246,
4180325,
4180631,
3550000,
3550038,
3550668,
4070289,
546,
4060114,
3641064,
3620741,
3641017,
3621405,
3550194,
3640286,
3550378,
3811050,
3550610,
3,
4180125,
3622257,
4180096,
3550366,
3622330,
3550433,
3622331,
4180401,
4070076,
3620992,
3622209,
4180078,
3622334,
4350058,
3641013,
3641199,
3810550,
153,
3550240,
3100043,
3640092,
3810564,
3550448,
3810389,
4180297,
3640110,
3811149,
48,
3550065,
402,
4180797,
625,
3810136,
3550502,
4060153,
3810903,
3810217,
3811227,
3620945,
3641418,
4180426,
4060119,
3810187,
3550568,
3550346,
3622436,
79,
598,
3620663,
705,
3550901,
3641338,
290,
3641129,
4060283,
3950033,
3811129,
4350158,
3550525,
3621468,
3810216,
4180003,
3621975,
3620266,
3550865,
4070347,
3640930,
106,
3622233,
3550461,
3640195,
4180123,
4060269,
3640478,
3810406,
3622007,
3622352,
3620663,
3640177,
3811251,
3810733,
3550590,
3550334,
4180436,
4350241,
3622420,
4180428,
3810900,
3622368,
3550289,
4180705,
46,
3620224,
4180625,
3550485,
4350337,
3640784,
3811126,
3811134,
3550365,
3641165,
4180198,
3640766,
4180662,
4070262,
3811021,
4180081,
3622269,
634,
3700006,
4180036,
3810970,
4180195,
3621442,
85,
3622201,
3641158,
3620015,
3810187,
4350262,
4350295,
3810087,
3810718,
3550540,
3810965,
3640167,
3551001,
3100101,
3641028,
3550307,
3622035,
4070245,
263,
3640247,
3640395,
3810470,
3811056,
3550063,
3550656,
3622229,
3100033,
3810465,
3810854,
3550003,
3640594,
3622426,
4180692,
4180464,
4180809,
3640098,
3810020,
3810726,
4180028,
48,
4060148,
54,
3622416,
4070240,
4350062,
3640124,
4180294,
3811111,
3641182,
4060045,
3620282,
4070215,
4180261,
4350659,
3550160,
3810921,
4070305,
3622306,
463,
4180770,
3810055,
451,
47,
3811341,
3550875,
4070283,
442,
181,
3810410,
4180730,
31,
284,
3620201,
3550481,
3620454,
4180510,
422,
3620041,
3620741,
3810627,
3811244,
3811464,
3700023,
3810031,
3810483,
561,
4060253,
3100030,
3810610,
3622427,
161,
3620122,
3640831,
5,
3620739,
4060261,
3810417,
3641243,
3550496,
3550786,
3550613,
3620315,
4180537,
3620032,
3550074,
3620171,
3641153,
3550272,
3811467,
687,
4180391,
4070113,
4350521,
3550137,
27,
3811353,
4180512,
3620003,
4180071,
3622435,
3811397,
3811298,
3550496,
3550432,
4180137,
4350692,
4350353,
3550592,
3641215,
3550020,
4070179,
3641158,
3640127,
4180544,
3640955,
3100082,
4350241,
4350211,
525,
260,
3811111,
3550067,
135,
4060231,
3550246,
3,
759,
4350407,
3641201,
489,
3950035,
4350633,
4350113,
4350183,
3550429,
3621163,
4350639,
786,
3811326,
3620374,
262,
3621312,
3950035,
4180263,
4350421,
4180775,
3550710,
3621217,
3620332,
3622451,
3622091,
3550472,
8,
3620950,
3622469,
3621233,
82,
3550102,
3550028,
3622429,
448,
4180489,
3100080,
3621324,
3621387,
4070125,
786,
3621773,
3621805,
3620597,
3622446,
3620515,
3811028,
4350167,
786,
4350582,
625,
3640271,
4180169,
4350394,
3810246,
3620568,
3621125,
88,
3640481,
3622358,
3640403,
3550749,
3811101,
750,
3810826,
3810052,
3550527,
3620153,
3621550,
3550188,
3640150,
620,
4350381,
3550072,
3640623,
3622415,
569,
3620886,
3810994,
3620666,
3622094,
3620201,
3811467,
3621232,
764,
3100026,
4940202,
700,
4350243,
3550058,
3620415,
3811075,
3620230,
3550227,
1820000,
3620603,
3550650,
4180703,
3620208,
187,
200,
3810770,
4180336,
50,
3640277,
4180681,
3620010,
3550268,
3950002,
3550633,
3640201,
3550715,
3622405,
3622201,
4180568,
3621102,
608,
3641016,
242,
3550311,
4180239,
3640381,
4350451,
4940038,
281,
3622279,
4070066,
3621445,
149,
3811056,
3550004,
4060119,
4070105,
3621217,
3550786,
3640378,
3620269,
4350126,
537,
3620113,
3622384,
374,
3811404,
447,
3640187,
3621479,
3621201,
4070241,
55,
4180084,
3620401,
3550141,
724,
3550179,
4180608,
4180282,
3810402,
3620229,
3620000,
4180507,
167,
3100029,
3640648,
3810697,
3620263,
3811153,
3641201,
3640124,
3100044,
3550650,
29,
683,
3622129,
3810416,
3550157,
4180604,
4350662,
3620074,
4180268,
3810989,
4350169,
433,
3640151,
4350279,
106,
3950028,
3811193,
753,
4350089,
4350062,
3811400,
3620450,
181,
4060206,
4180024,
3622442,
3550816,
3811179,
3550621,
3550157,
3550020,
4180357,
456,
4350167,
278,
3550710,
3550107,
3950031,
4180565,
4070302,
3622365,
3811040,
3620714,
4940040,
3640443,
4180314,
3620415,
3641117,
3551605,
563,
3810900,
3100024,
3550636,
4060217,
3100032,
3621374,
3550249,
4350304,
4180097,
4180771,
3550718,
3640276,
3622077,
3810410,
3620666,
4180862,
4070105,
3640356,
3640187,
3620178,
4180169,
3622249,
4180267,
3550425,
3622380,
3810411,
3810189,
4940053,
3810131,
3640955,
143,
3550308,
3620395,
3810374,
228,
3640337,
3621049,
4180708,
3641023,
3622441,
447,
3640721,
4180843,
4180618,
3641412,
4180606,
3640396,
4180861,
3641076,
183,
3622363,
3640395,
4940019,
3641226,
3811433,
3621163,
3810023,
4070322,
4350605,
3550790,
3100020,
118,
3550429,
4070284,
3810912,
401,
3811095,
4350662,
489,
4350268,
3622283,
3810931,
3811368,
3620328,
4180780,
351,
61,
4180040,
4060281,
4180441,
4940214,
3621873,
170,
3640206,
4180843,
4060246,
239,
3550790,
428,
232,
3810831,
3811351,
4180843,
4180185,
3620242,
3950040,
4180296,
3622442,
52,
3621393,
3622463,
3620859,
4180756,
4180419,
3641158,
293,
354,
4060244,
3811228,
4180226,
446,
4350150,
3622252,
3550195,
3641427,
73,
206,
3640155,
4350058,
4350069,
4070281,
3811351,
3641196,
3100077,
3622293,
4940206,
198,
571,
3641090,
546,
3100036,
250,
3620161,
16,
3622238,
3811050,
3622432,
3810269,
4180742,
509,
4940212,
3810770,
3550100,
3640434,
3621240,
4180534,
3640249,
3550797,
3620602,
3622384,
3551317,
3640277,
3640248,
3641094,
3620265,
3620357,
58,
3550056,
518,
4180758,
3621680,
3811368,
69,
4350280,
3810433,
3641056,
64,
3622267,
4180011,
3811051,
3640139,
3950062,
210,
377,
3641067,
4070239,
3810830,
4940049,
3620625,
779,
3550342,
4350061,
23,
3100050,
3641427,
3620284,
3620201,
3620559,
3620998,
3810525,
3622033,
3810487,
502,
3622441,
3622441,
3550072,
3810659,
3621935,
4940176,
422,
3550268,
3811008,
328,
4180782,
3622259,
286,
183,
3810548,
3550969,
3810478,
3640134,
3622331,
3641158,
6,
3550154,
3622323,
121,
3550154,
3550420,
535,
3640276,
4180850,
518,
3620230,
3810384,
3622035,
4350636,
283,
769,
611,
754,
91,
3810434,
76,
3641023,
4350288,
3622338,
3640277,
4350304,
4350654,
3810576,
3100060,
3811153,
3620003,
4350149,
4180097,
232,
197,
3640257,
3550311,
4060079,
3820000,
4180150,
3100022,
3810128,
3620888,
3621211,
3620319,
208,
437,
4180323,
3810478,
3620242,
4180563,
4070287,
4350168,
3641009,
4060079,
4180344,
371,
4180268,
3100095,
4350183,
3640257,
4180078,
3550420,
4350251,
478,
3810618,
3810989,
3550088,
4350331,
3621975,
3620074,
3550054,
3100022,
3622331,
3622215,
3641413,
4940176,
3640398,
3810275,
3810955,
3621408,
4180551,
3810174,
3811409,
185,
3640264,
130,
3810607,
416,
4060217,
3640776,
3620032,
3550474,
3640249,
3621775,
3550225,
4180283,
3550923,
4180271,
716,
4180133,
111,
84,
4180224,
3550193,
3621135,
326,
3641016,
4350491,
3100082,
3810887,
4060079,
105,
3622430,
4180203,
4180314,
594,
327,
3810269,
4940061,
4350209,
556,
3640229,
4070253,
3550022,
3641073,
4350614,
3810184,
3621873,
3810406,
3811467,
3810124,
283,
3550088,
4180301,
3810977,
3550527,
3621830,
4350081,
3621773,
4350195,
163,
288,
3640378,
3622307,
4060015,
179,
4350394,
4060281,
4350610,
4350069,
3810976,
4350635,
3550627,
3622337,
3622370,
3620113,
4940007,
3641028,
4180610,
3810686,
3810826,
4070239,
744,
4180613,
229,
3622442,
4180761,
3100059,
3622390,
4180722,
3620280,
3550066,
3810511,
4180352,
3550944,
4350129,
4350353,
3640428,
3640269,
3620628,
3621586,
117,
4940211,
4180036,
4350560,
786,
3641228,
4180306,
4350121,
98,
744,
3640648,
3100043,
198,
446,
3550870,
3810511,
3640179,
4180012,
139,
3550247,
4350445,
3620888,
3621773,
4060162,
3100030,
3810381,
173,
3811100,
4350344,
4350237,
3620374,
3620186,
4350556,
4180212,
313,
466,
168,
3100026,
417,
3100005,
4180403,
3640521,
392,
3620404,
164,
3550088,
3100023,
24,
3640257,
3620270,
3550060,
4180775,
3811009,
7,
3620950,
608,
3810368,
3621295,
3550213,
3810610,
4060049,
4180226,
3950004,
3100058,
4180316,
3641068,
3620878,
4350080,
3640238,
3621393,
4350279,
3640177,
4350123,
678,
4060271,
3100041,
3550449,
212,
3622373,
3810975,
4940019,
4180344,
338,
4350287,
3621863,
3811227,
3640114,
3621442,
3621451,
3100106,
3811278,
4180522,
3640338,
3550923,
3621324,
4350582,
500,
3622091,
478,
4350089,
37,
759,
3810959,
3810516,
4180723,
4350334,
156,
3622282,
3620354,
3622443,
3640374,
3100072,
3622430,
3622350,
146,
4350600,
3641093,
3621464,
3810374,
3621337,
3621757,
3550193,
3550198,
3620375,
3621441,
4070150,
4350364,
4180226,
3810136,
3640187,
4070130,
4070076,
115,
3811266,
3622390,
3640140,
3622467,
3622433,
3810134,
4350102,
29,
3620357,
4180566,
3640264,
4060153,
4350334,
380,
488,
4180136,
3810936,
3622124,
3622033,
3810456,
4180221,
4180271,
3621986,
3622225,
98,
4350195,
4350594,
3550049,
3810494,
3622282,
3550052,
3810887,
542,
3640225,
3810887,
526,
3620404,
3621128,
4350432,
3621113,
3100053,
3620413,
4940186,
4180480,
4350582,
4350557,
143,
3950031,
4060275,
4180350,
4060127,
3811211,
3622354,
275,
414,
3810656,
4350683,
3621479,
3810913,
4070276,
3621940,
3100060,
3100084,
4180267,
4180520,
139,
4180249,
3620691,
743,
3811278,
3811343,
3811193,
705,
3100019,
3810905,
3640313,
3640623,
3622424,
3621824,
4940181,
3100068,
362,
3641414,
4180220,
3620889,
4350537,
3950031,
3100019,
4070129,
4350692,
3622456,
3620861,
3641007,
3641007,
4180271,
3641412,
3811193,
3100079,
3620210,
3641050,
4180346,
3620425,
170,
88,
4180067,
3550056,
3620180,
3640168,
4350114,
4180626,
3640170,
3810386,
3620285,
630,
3640276,
3810184,
3810519,
4060276,
3550613,
4350103,
4180248,
109,
4350496,
4060190,
3810400,
531,
3640429,
3621217,
4180402,
351,
4060013,
402,
3810811,
3550099,
4060041,
3620163,
4070149,
4350103,
3620559,
5,
3640688,
3621217,
3640435,
4180267,
3550267,
3550208,
3811432,
3620242,
4940216,
4180520,
3622091,
3622344,
4070207,
3811095,
3622228,
433,
3950033,
4060020,
425,
3640376,
4350195,
3622456,
3640133,
664,
4940176,
3640969,
3622277,
3620677,
3100103,
3621203,
228,
4940185,
67,
3621642,
3641325,
3810487,
3640408,
3100070,
3640264,
4180067,
3550969,
3550811,
3640400,
4350072,
3620746,
3100095,
3640269,
3640510,
3811413,
3810960,
3640448,
3641153,
3620888,
651,
639,
4070281,
3950040,
4180639,
3810131,
3621236,
3620960,
88,
4180780,
3820000,
3620195,
4060122,
3621128,
3620178,
3641325,
27,
4180507,
4060130,
3640969,
618,
3620711,
3640967,
3621306,
3641325,
3810422,
4350590,
3550525,
374,
3621145,
3621234,
3810141,
569,
4940171,
4350617,
3550904,
3810029,
3550001,
3811454,
4350556,
3810764,
204,
703,
94,
4070322,
4180757,
4350161,
4180625,
3550100,
3621586,
3810742,
4350644,
559,
4350097,
3621975,
3620270,
3622247,
3100091,
3640374,
4180579,
4350511,
4070162,
3622332,
3622299,
247,
558,
4350245,
3810764,
695,
4070074,
4350141,
3622344,
531,
3100027,
3100036,
4350320,
4180609,
222,
3810896,
4060288,
4180571,
4350640,
3621757,
3550811,
373,
3640409,
3641118,
4350576,
537,
3810673,
3810650,
3810384,
4180273,
3622436,
3622380,
3622299,
3550414,
3550084,
3640435,
4180849,
4180619,
3620415,
3620746,
3811451,
3622225,
3810681,
4060255,
437,
500,
3640173,
4180818,
3810618,
4350144,
3550251,
3550052,
3640195,
3550650,
8,
3550108,
3622170,
4180232,
3621873,
717,
3810657,
4180776,
3621815,
4350280,
4940032,
4350584,
3811413,
3550198,
3640247,
3100077,
3550749,
4940210,
3641056,
4940185,
4350059,
496,
3641215,
3620598,
439,
655,
3621201,
4350601,
3100092,
388,
3100032,
3550804,
3640926,
3620423,
476,
148,
3641093,
3620113,
4940175,
3621129,
4350377,
3640376,
3621302,
4350412,
3640563,
3620665,
3640134,
362,
3620374,
4350320,
3641337,
466,
3810116,
3620487,
3621755,
4180192,
4350481,
3640381,
3620425,
4180296,
3641045,
4070076,
3550045,
3621708,
3550413,
3622300,
3620665,
3810700,
106,
3550221,
3620285,
3621935,
128,
4070277,
3640429,
4180551,
348,
3640497,
3810433,
4940047,
3622399,
4180537,
4350635,
3640787,
4070150,
4070105,
97,
96,
4940055,
3622337,
4180775,
3810384,
3622390,
4350228,
3550052,
3810740,
3550904,
3811468,
4060018,
3622394,
4350625,
418,
4180569,
4180248,
321,
3550084,
743,
3640443,
3640332,
4180301,
770,
3100030,
3550154,
3810487,
3640433,
4940002,
266,
4180463,
3621773,
3622299,
3641050,
4350147,
3622401,
3620257,
3640447,
3100014,
4180849,
3100097,
4060253,
4180863,
3621935,
506,
3640114,
4180680,
3620691,
3622380,
4940191,
3810845,
3641216,
651,
213,
3641054,
3620153,
3640134,
3622323,
3810811,
412,
4940000,
3621831,
27,
318,
4350250,
4350140,
3620395,
171,
3622469,
4180692,
3640225,
3550152,
3811056,
3550130,
3640734,
4940177,
4350683,
4180078,
3621374,
4940014,
4060089,
3641048,
3621586,
4180445,
3620095,
3640922,
3621442,
3621635,
3640483,
697,
4350152,
3810697,
3622394,
3640150,
735,
3550199,
779,
3641009,
3641310,
3550474,
3811227,
4350055,
632,
3100040,
3550377,
4180403,
4180594,
3622341,
119,
3620688,
4180595,
3550774,
308,
3622422,
211,
4180002,
490,
4350627,
4180482,
4180595,
147,
3641068,
3620073,
721,
4060235,
4350683,
3550282,
3810478,
3640127,
3640564,
3550001,
4350413,
374,
3550414,
3550140,
4350168,
3550063,
308,
3950016,
3640379,
3640232,
135,
488,
4180199,
3100076,
3640357,
3640775,
4060147,
4070290,
3810673,
3810511,
4350574,
3810131,
3620376,
4070340,
4350167,
3550188,
4350590,
3811386,
293,
4180071,
3810961,
3550130,
3622437,
3622234,
4180616,
3620624,
4350407,
3641119,
486,
4180568,
3810770,
434,
100,
204,
3622337,
3640374,
3641427,
3621065,
467,
3550714,
4180269,
4350211,
3810379,
3640238,
4940214,
4940168,
4940052,
4350128,
3550102,
4350594,
3550233,
3621408,
4940203,
442,
3550282,
4180631,
4350634,
3640429,
3621986,
3810733,
436,
402,
381,
4180449,
3620257,
3640206,
4180857,
3620332,
4350070,
4180601,
605,
3622021,
4350116,
3810714,
4350356,
3811250,
3550617,
4180056,
3621034,
3640155,
89,
46,
3640255,
118,
3550009,
3620372,
4180458,
3640120,
4350563,
61,
4180675,
3810333,
4940175,
723,
3100080,
3641226,
295,
3550811,
4180553,
4180606,
3641326,
4060122,
502,
4180603,
128,
4180766,
188,
3640959,
3810189,
3622467,
3811467,
3620266,
4180079,
4180636,
164,
4350564,
3100065,
4180249,
3640401,
295,
786,
128,
3100014,
4350234,
3621215,
3621065,
3810144,
4350625,
3810275,
3550338,
377,
3621522,
3640398,
3100079,
3620511,
747,
61,
3550800,
3620741,
3640623,
4060249,
3810685,
3810100,
388,
3810826,
3810700,
115,
3100075,
3620530,
3640958,
4350167,
4180389,
4350406,
4180071,
158,
3621343,
3100088,
4180449,
634,
3622430,
210,
3622035,
3621165,
3550014,
3640221,
3640173,
3810023,
4180538,
3620603,
47,
4180228,
4180512,
4180490,
486,
3100073,
3810576,
3622306,
3640516,
3810012,
3622325,
442,
4070262,
3810830,
4180062,
4350598,
4180844,
4180397,
3640831,
3550145,
4180185,
3621805,
3640179,
3620032,
3810142,
151,
3811286,
256,
3811391,
3550082,
4180510,
4350539,
4940170,
135,
4180005,
3811111,
3550789,
3,
3620425,
4180534,
4350654,
3621464,
3621146,
4350262,
4180611,
3550327,
3810770,
3620229,
4060080,
4180797,
4350412,
147,
3621898,
3620525,
3810563,
114,
3640357,
285,
15,
3550315,
3641117,
3100045,
3621773,
4940197,
4350582,
4060276,
3640429,
3810243,
4180490,
4070216,
3620210,
4350055,
4350491,
4180804,
295,
3640147,
4350116,
3622436,
4180001,
3620739,
4940192,
3641088,
4350447,
3810029,
4180471,
3621443,
4940019,
3622188,
4350563,
3550165,
735,
4180618,
3640846,
4070126,
3810763,
4350124,
4060035,
4180046,
3811454,
4350400,
3640495,
3621805,
3550633,
3622283,
3641044,
4350654,
4940203,
3810386,
3621143,
3550774,
4180771,
3640398,
4350258,
128,
4070162,
3622264,
3621405,
3622109,
3810650,
4350582,
3810835,
4060262,
3811056,
3100028,
3550002,
4070076,
3640442,
3620399,
3100093,
3620542,
3550414,
4940039,
3810126,
574,
3622362,
4060276,
559,
4350165,
476,
19,
3550188,
3810960,
3621775,
4180681,
3622354,
4180374,
3810478,
4180692,
3810550,
4180062,
3640195,
3640682,
3100065,
3810607,
3620624,
4180490,
4180845,
3551331,
4060276,
3640183,
3620204,
3621688,
9,
3550791,
360,
317,
3622308,
3810858,
167,
3620742,
3550247,
3640958,
3550352,
3620628,
4180294,
3811368,
3640264,
4180197,
3100049,
3621451,
506,
599,
3640956,
190,
3950012,
3621165,
3810576,
4350109,
3950044,
4180609,
3810059,
3811343,
3811125,
3622269,
4350211,
3811353,
3100049,
3810405,
106,
3622300,
4180534,
3550423,
3550811,
3622214,
3810270,
4350078,
3820000,
3550007,
3622461,
3640332,
3620665,
4060068,
3621824,
3622454,
3620186,
3620009,
770,
3621195,
4350214,
142,
3811353,
4060187,
4350653,
3641158,
3640205,
4350400,
3550848,
4070290,
4350075,
3950036,
3100065,
3621383,
780,
3640521,
4940170,
3621805,
4350145,
3100063,
4070219,
3811040,
3641020,
3550613,
549,
242,
3640788,
3550045,
4350116,
4180484,
3550429,
4350522,
3550122,
3621323,
3810618,
308,
3622405,
3811297,
4350301,
3810726,
3640361,
3622282,
3100039,
4350334,
4350288,
4180188,
160,
515,
260,
3640379,
187,
3810651,
3640967,
305,
3620866,
4350150,
3551096,
4180117,
3621113,
3621479,
308,
4940015,
4180228,
3621464,
4350550,
3622306,
4180678,
3620257,
4350071,
4180012,
4060013,
4350445,
4180570,
4350539,
4060057,
3622464,
4060231,
3810955,
3620450,
3100106,
4180662,
3810568,
3640152,
4940060,
4940039,
4180036,
4940011,
4180833,
3620113,
3622380,
3641326,
3620193,
4180534,
3620568,
3620305,
3641050,
194,
3622325,
3621227,
3550749,
3622351,
678,
161,
3621522,
3621980,
4350080,
3810784,
672,
3640328,
3621023,
170,
3550852,
4180603,
3950000,
4180212,
3622451,
3550423,
3622363,
3640259,
4180022,
4180106,
3810726,
3621134,
3100024,
780,
3810144,
3620909,
3621163,
3550099,
4350072,
3810029,
3810525,
3621849,
4940202,
3950033,
3620179,
4180277,
102,
3550189,
3640734,
4180067,
3641068,
3810525,
362,
3810269,
4180571,
3551564,
4060015,
4940020,
3640398,
3550021,
4350061,
3620691,
3620300,
3810516,
3810568,
3550105,
4180249,
4060023,
3550600,
3620375,
4180857,
3641076,
3810400,
3622296,
4350234,
3950003,
3620508,
3640134,
4180251,
3640204,
3622269,
3622235,
3811095,
3550627,
4070256,
4180777,
4060053,
4180517,
4350253,
135,
3622422,
315,
3622320,
89,
3620415,
4180536,
652,
3620189,
3620372,
484,
3640446,
148,
4180133,
3550525,
3620184,
3621376,
4180695,
252,
4060089,
3621822,
4180651,
4180674,
3640247,
3640409,
4350606,
4180569,
609,
4940177,
4940049,
3100027,
4070157,
4180609,
4180271,
3811062,
3810847,
4180779,
316,
4180145,
4940205,
4060041,
3620269,
3622437,
4180553,
4070236,
3810425,
3641054,
3811019,
3950036,
3640721,
3810268,
3640402,
4350598,
3100075,
3810336,
3810569,
3622466,
141,
664,
358,
4070262,
3550071,
156,
4070259,
3640255,
4350640,
3620268,
4180337,
4940049,
295,
3640442,
3620041,
3550352,
3640456,
3810519,
703,
302,
4180008,
3620041,
3550710,
3810402,
3640788,
79,
3622450,
3622425,
3622401,
439,
3550800,
4940191,
3620960,
278,
4180797,
3640127,
3950027,
4350366,
3620741,
3620667,
3621983,
3550865,
3621234,
3620128,
3100095,
4180327,
3550679,
611,
3810131,
3621065,
17,
3550022,
651,
4070219,
3640445,
528,
3640410,
3620886,
3550170,
4180445,
355,
4180011,
3621775,
4180730,
4350059,
4180022,
3550870,
3641312,
3620866,
269,
3640271,
4180024,
4180184,
4070207,
3550100,
3640098,
3620143,
3622212,
3621293,
3621383,
3621027,
3640385,
4180848,
3640144,
4180012,
678,
683,
3621101,
3640324,
4180101,
3550390,
4180537,
3100070,
625,
4180616,
3641016,
4070219,
764,
3621680,
3641148,
4180636,
3640927,
3640516,
417,
3622384,
3640776,
4940216,
3620254,
69,
3811432,
4940055,
358,
4350676,
4350660,
544,
3810511,
3640203,
4180001,
3100089,
76,
3640225,
4180336,
3100084,
4180494,
146,
4350353,
3100092,
3640281,
3550852,
3640270,
3811410,
4940037,
3100056,
4070218,
4180626,
4350203,
4180692,
3640308,
3620854,
3640139,
3620189,
576,
3640969,
3550060,
4180352,
3550006,
3640246,
3620258,
3810202,
3550193,
4350081,
3550198,
377,
3100058,
4180480,
3550091,
